{"cameraMode":{"drawMode":0,"name":"Shaded","section":"Shading Mode"},"sceneLighting":false,"audioPlay":false,"sceneViewState":{"showFog":true,"showMaterialUpdate":false,"showSkybox":true,"showFlares":true,"showImageEffects":true,"showParticleSystems":true},"in2DMode":false,"pivot":{"x":3.364762306213379,"y":7.610805034637451,"z":-5.722253799438477},"rotation":{"x":-0.02966284565627575,"y":-0.7346410751342773,"z":0.03222183510661125,"w":-0.6770823001861572},"size":6.450771331787109,"orthographic":false}