{"cameraMode":{"drawMode":0,"name":"Shaded","section":"Shading Mode"},"sceneLighting":false,"audioPlay":false,"sceneViewState":{"showFog":true,"showMaterialUpdate":false,"showSkybox":false,"showFlares":true,"showImageEffects":true,"showParticleSystems":true},"in2DMode":false,"pivot":{"x":-0.0999593734741211,"y":0.7355847358703613,"z":0.21904878318309785},"rotation":{"x":-0.054626110941171649,"y":0.6858211159706116,"z":-0.051737867295742038,"w":-0.7238779664039612},"size":3.3000171184539797,"orthographic":false}