{"cameraMode":{"drawMode":0,"name":"Shaded","section":"Shading Mode"},"sceneLighting":false,"audioPlay":false,"sceneViewState":{"showFog":true,"showMaterialUpdate":false,"showSkybox":true,"showFlares":true,"showImageEffects":true,"showParticleSystems":true},"in2DMode":false,"pivot":{"x":6.384031295776367,"y":-2.2199387550354006,"z":4.1016364097595219},"rotation":{"x":0.3872120976448059,"y":0.11317896097898483,"z":-0.04798972234129906,"w":0.9137895703315735},"size":12.461819648742676,"orthographic":false}