{"cameraMode":{"drawMode":0,"name":"Shaded","section":"Shading Mode"},"sceneLighting":true,"audioPlay":false,"sceneViewState":{"showFog":true,"showMaterialUpdate":false,"showSkybox":false,"showFlares":true,"showImageEffects":true,"showParticleSystems":true},"in2DMode":false,"pivot":{"x":0.16794919967651368,"y":3.616792678833008,"z":5.162567138671875},"rotation":{"x":-0.054626110941171649,"y":0.6858211159706116,"z":-0.051737867295742038,"w":-0.7238779664039612},"size":7.821750640869141,"orthographic":false}