{"cameraMode":{"drawMode":0,"name":"Shaded","section":"Shading Mode"},"sceneLighting":false,"audioPlay":false,"sceneViewState":{"showFog":true,"showMaterialUpdate":false,"showSkybox":true,"showFlares":true,"showImageEffects":true,"showParticleSystems":true},"in2DMode":false,"pivot":{"x":4.554047584533691,"y":-11.413949966430664,"z":5.784718036651611},"rotation":{"x":0.4750930666923523,"y":0.14671172201633454,"z":-0.08072420209646225,"w":0.863889217376709},"size":32.82912063598633,"orthographic":false}