{"cameraMode":{"drawMode":0,"name":"Shaded","section":"Shading Mode"},"sceneLighting":false,"audioPlay":false,"sceneViewState":{"showFog":true,"showMaterialUpdate":false,"showSkybox":false,"showFlares":true,"showImageEffects":true,"showParticleSystems":true},"in2DMode":false,"pivot":{"x":-0.17499999701976777,"y":2.009999990463257,"z":-0.8709999918937683},"rotation":{"x":-0.039059869945049289,"y":0.9232637286186218,"z":-0.09758833795785904,"w":-0.36951249837875368},"size":0.04330131411552429,"orthographic":false}