{"cameraMode":{"drawMode":0,"name":"Shaded","section":"Shading Mode"},"sceneLighting":true,"audioPlay":false,"sceneViewState":{"showFog":true,"showMaterialUpdate":false,"showSkybox":false,"showFlares":true,"showImageEffects":true,"showParticleSystems":true},"in2DMode":false,"pivot":{"x":0.13248133659362794,"y":4.511087417602539,"z":5.340292453765869},"rotation":{"x":-0.054626110941171649,"y":0.6858211159706116,"z":-0.051737867295742038,"w":-0.7238779664039612},"size":6.106919765472412,"orthographic":false}