{"cameraMode":{"drawMode":0,"name":"Shaded","section":"Shading Mode"},"sceneLighting":true,"audioPlay":false,"sceneViewState":{"showFog":true,"showMaterialUpdate":false,"showSkybox":false,"showFlares":true,"showImageEffects":true,"showParticleSystems":true},"in2DMode":false,"pivot":{"x":-0.08240413665771485,"y":4.548069953918457,"z":0.02610015869140625},"rotation":{"x":-0.054626110941171649,"y":0.6858211159706116,"z":-0.051737867295742038,"w":-0.7238779664039612},"size":12.803507804870606,"orthographic":false}