{"cameraMode":{"drawMode":0,"name":"Shaded","section":"Shading Mode"},"sceneLighting":false,"audioPlay":false,"sceneViewState":{"showFog":true,"showMaterialUpdate":false,"showSkybox":true,"showFlares":true,"showImageEffects":true,"showParticleSystems":true},"in2DMode":false,"pivot":{"x":1.795114517211914,"y":2.8315610885620119,"z":1.2116961479187012},"rotation":{"x":0.31460335850715639,"y":-0.5001580715179443,"z":0.2013854682445526,"w":0.7812596559524536},"size":13.373156547546387,"orthographic":false}