{"cameraMode":{"drawMode":0,"name":"Shaded","section":"Shading Mode"},"sceneLighting":false,"audioPlay":false,"sceneViewState":{"showFog":true,"showMaterialUpdate":false,"showSkybox":false,"showFlares":true,"showImageEffects":true,"showParticleSystems":true},"in2DMode":false,"pivot":{"x":-0.4851670265197754,"y":3.7686493396759035,"z":0.17080998420715333},"rotation":{"x":-0.17789050936698914,"y":-0.5022019743919373,"z":0.10642178356647492,"w":-0.8395295739173889},"size":3.86602520942688,"orthographic":false}